episode,result
0,X
1,O
2,O
3,O
4,O
5,X
6,X
7,X
8,X
9,X
10,X
11,X
12,X
13,O
14,O
15,X
16,DRAW
17,DRAW
18,O
19,DRAW
20,DRAW
21,X
22,X
23,O
24,DRAW
25,X
26,DRAW
27,DRAW
28,DRAW
29,X
30,X
31,X
32,X
33,X
34,X
35,X
36,X
37,X
38,X
39,X
40,X
41,X
42,X
43,X
44,X
45,X
46,X
47,X
48,X
49,DRAW
50,X
51,O
52,X
53,X
54,X
55,X
56,X
57,DRAW
58,X
59,DRAW
60,DRAW
61,DRAW
62,DRAW
63,DRAW
64,O
65,X
66,X
67,X
68,X
69,X
70,X
71,X
72,X
73,X
74,X
75,O
76,O
77,X
78,X
79,O
80,O
81,X
82,DRAW
83,X
84,O
85,DRAW
86,X
87,O
88,DRAW
89,X
90,X
91,X
92,O
93,X
94,X
95,X
96,DRAW
97,DRAW
98,O
99,DRAW
100,X
101,O
102,X
103,X
104,X
105,X
106,X
107,X
108,X
109,X
110,X
111,DRAW
112,O
113,X
114,X
115,X
116,O
117,X
118,X
119,X
120,O
121,O
122,O
123,O
124,DRAW
125,X
126,DRAW
127,X
128,X
129,DRAW
130,O
131,O
132,X
133,DRAW
134,O
135,O
136,X
137,DRAW
138,DRAW
139,DRAW
140,X
141,DRAW
142,X
143,DRAW
144,X
145,DRAW
146,X
147,X
148,DRAW
149,DRAW
150,O
151,DRAW
152,X
153,X
154,X
155,X
156,X
157,X
158,DRAW
159,O
160,DRAW
161,X
162,X
163,X
164,DRAW
165,X
166,X
167,X
168,X
169,O
170,X
171,X
172,X
173,DRAW
174,DRAW
175,X
176,O
177,X
178,X
179,O
180,X
181,X
182,O
183,X
184,X
185,X
186,DRAW
187,DRAW
188,DRAW
189,X
190,X
191,X
192,X
193,X
194,O
195,X
196,X
197,X
198,X
199,X
200,X
201,X
202,X
203,X
204,X
205,O
206,X
207,O
208,O
209,X
210,X
211,X
212,X
213,O
214,X
215,DRAW
216,X
217,X
218,O
219,DRAW
220,O
221,O
222,X
223,O
224,DRAW
225,X
226,X
227,O
228,X
229,O
230,X
231,DRAW
232,O
233,DRAW
234,X
235,X
236,X
237,DRAW
238,X
239,O
240,X
241,X
242,O
243,DRAW
244,DRAW
245,DRAW
246,DRAW
247,X
248,O
249,O
250,DRAW
251,DRAW
252,O
253,O
254,X
255,X
256,X
257,O
258,DRAW
259,X
260,X
261,O
262,X
263,X
264,DRAW
265,X
266,DRAW
267,X
268,X
269,O
270,DRAW
271,DRAW
272,DRAW
273,DRAW
274,DRAW
275,X
276,O
277,O
278,O
279,X
280,X
281,X
282,X
283,X
284,DRAW
285,DRAW
286,DRAW
287,DRAW
288,DRAW
289,X
290,DRAW
291,X
292,X
293,DRAW
294,O
295,DRAW
296,DRAW
297,X
298,O
299,O
300,O
301,O
302,O
303,X
304,X
305,X
306,O
307,O
308,DRAW
309,DRAW
310,O
311,DRAW
312,X
313,O
314,DRAW
315,O
316,O
317,X
318,O
319,X
320,DRAW
321,DRAW
322,O
323,O
324,DRAW
325,X
326,DRAW
327,DRAW
328,X
329,X
330,X
331,DRAW
332,DRAW
333,X
334,X
335,X
336,X
337,O
338,DRAW
339,X
340,X
341,X
342,O
343,DRAW
344,X
345,X
346,X
347,X
348,O
349,DRAW
350,DRAW
351,DRAW
352,X
353,DRAW
354,O
355,X
356,X
357,X
358,DRAW
359,X
360,DRAW
361,O
362,X
363,DRAW
364,DRAW
365,DRAW
366,X
367,X
368,O
369,O
370,O
371,O
372,O
373,DRAW
374,X
375,DRAW
376,X
377,O
378,X
379,X
380,X
381,O
382,X
383,X
384,DRAW
385,DRAW
386,DRAW
387,DRAW
388,O
389,X
390,X
391,X
392,O
393,O
394,X
395,DRAW
396,DRAW
397,X
398,DRAW
399,DRAW
400,DRAW
401,X
402,X
403,X
404,DRAW
405,DRAW
406,DRAW
407,O
408,X
409,DRAW
410,O
411,DRAW
412,DRAW
413,X
414,O
415,X
416,X
417,X
418,X
419,X
420,O
421,DRAW
422,X
423,O
424,X
425,DRAW
426,DRAW
427,X
428,X
429,DRAW
430,X
431,O
432,O
433,DRAW
434,DRAW
435,X
436,X
437,X
438,X
439,O
440,O
441,DRAW
442,DRAW
443,DRAW
444,DRAW
445,O
446,O
447,O
448,X
449,X
450,DRAW
451,DRAW
452,X
453,O
454,X
455,O
456,X
457,O
458,O
459,X
460,O
461,X
462,X
463,X
464,DRAW
465,X
466,DRAW
467,X
468,X
469,DRAW
470,DRAW
471,X
472,O
473,O
474,DRAW
475,X
476,DRAW
477,DRAW
478,X
479,X
480,DRAW
481,X
482,O
483,X
484,DRAW
485,X
486,DRAW
487,X
488,X
489,X
490,X
491,O
492,O
493,O
494,O
495,DRAW
496,DRAW
497,O
498,X
499,DRAW
500,X
501,DRAW
502,DRAW
503,DRAW
504,DRAW
505,X
506,X
507,X
508,X
509,X
510,O
511,X
512,X
513,DRAW
514,X
515,X
516,O
517,DRAW
518,DRAW
519,DRAW
520,X
521,DRAW
522,O
523,X
524,X
525,DRAW
526,DRAW
527,DRAW
528,DRAW
529,X
530,X
531,O
532,X
533,DRAW
534,X
535,DRAW
536,O
537,DRAW
538,O
539,X
540,X
541,X
542,X
543,DRAW
544,O
545,X
546,X
547,O
548,X
549,X
550,O
551,DRAW
552,O
553,DRAW
554,X
555,DRAW
556,DRAW
557,X
558,X
559,DRAW
560,DRAW
561,X
562,DRAW
563,X
564,X
565,X
566,X
567,X
568,X
569,X
570,DRAW
571,X
572,DRAW
573,X
574,O
575,X
576,X
577,X
578,X
579,X
580,X
581,X
582,DRAW
583,DRAW
584,O
585,O
586,X
587,X
588,X
589,X
590,DRAW
591,X
592,DRAW
593,X
594,X
595,DRAW
596,X
597,X
598,O
599,O
600,DRAW
601,X
602,X
603,X
604,DRAW
605,X
606,DRAW
607,DRAW
608,X
609,O
610,O
611,X
612,X
613,DRAW
614,X
615,X
616,X
617,O
618,DRAW
619,O
620,O
621,X
622,X
623,X
624,X
625,O
626,DRAW
627,DRAW
628,O
629,DRAW
630,O
631,X
632,DRAW
633,DRAW
634,O
635,DRAW
636,X
637,DRAW
638,O
639,O
640,X
641,X
642,DRAW
643,DRAW
644,DRAW
645,DRAW
646,X
647,X
648,X
649,X
650,X
651,X
652,DRAW
653,O
654,O
655,O
656,DRAW
657,X
658,X
659,O
660,DRAW
661,X
662,DRAW
663,DRAW
664,O
665,DRAW
666,DRAW
667,DRAW
668,X
669,O
670,O
671,DRAW
672,X
673,DRAW
674,DRAW
675,DRAW
676,DRAW
677,DRAW
678,DRAW
679,O
680,DRAW
681,X
682,X
683,DRAW
684,X
685,X
686,X
687,X
688,DRAW
689,X
690,X
691,X
692,X
693,X
694,O
695,X
696,DRAW
697,DRAW
698,O
699,O
700,DRAW
701,X
702,X
703,X
704,X
705,X
706,X
707,X
708,X
709,X
710,DRAW
711,X
712,X
713,DRAW
714,DRAW
715,X
716,X
717,X
718,X
719,X
720,DRAW
721,X
722,DRAW
723,X
724,DRAW
725,X
726,X
727,O
728,O
729,X
730,X
731,DRAW
732,DRAW
733,DRAW
734,O
735,X
736,DRAW
737,DRAW
738,X
739,O
740,O
741,X
742,O
743,X
744,DRAW
745,DRAW
746,O
747,X
748,DRAW
749,O
750,DRAW
751,DRAW
752,DRAW
753,O
754,DRAW
755,X
756,X
757,O
758,X
759,X
760,X
761,O
762,O
763,X
764,DRAW
765,DRAW
766,O
767,X
768,O
769,DRAW
770,DRAW
771,DRAW
772,X
773,DRAW
774,DRAW
775,X
776,X
777,X
778,DRAW
779,O
780,DRAW
781,X
782,X
783,X
784,X
785,DRAW
786,DRAW
787,DRAW
788,X
789,DRAW
790,DRAW
791,O
792,X
793,DRAW
794,DRAW
795,X
796,X
797,X
798,X
799,DRAW
800,O
801,X
802,DRAW
803,DRAW
804,DRAW
805,X
806,DRAW
807,X
808,DRAW
809,X
810,X
811,X
812,X
813,X
814,X
815,DRAW
816,O
817,X
818,O
819,O
820,DRAW
821,DRAW
822,O
823,DRAW
824,X
825,O
826,X
827,X
828,DRAW
829,O
830,X
831,O
832,X
833,O
834,X
835,X
836,DRAW
837,X
838,DRAW
839,DRAW
840,X
841,DRAW
842,O
843,DRAW
844,O
845,O
846,X
847,X
848,X
849,X
850,X
851,X
852,X
853,O
854,X
855,X
856,O
857,DRAW
858,DRAW
859,DRAW
860,X
861,X
862,X
863,DRAW
864,O
865,DRAW
866,DRAW
867,DRAW
868,X
869,O
870,DRAW
871,DRAW
872,DRAW
873,DRAW
874,O
875,X
876,X
877,X
878,X
879,O
880,DRAW
881,X
882,X
883,X
884,X
885,X
886,DRAW
887,DRAW
888,DRAW
889,DRAW
890,O
891,O
892,O
893,X
894,DRAW
895,O
896,O
897,DRAW
898,O
899,O
900,X
901,DRAW
902,DRAW
903,X
904,DRAW
905,DRAW
906,X
907,DRAW
908,DRAW
909,DRAW
910,DRAW
911,DRAW
912,O
913,DRAW
914,X
915,DRAW
916,O
917,DRAW
918,O
919,X
920,X
921,DRAW
922,DRAW
923,DRAW
924,DRAW
925,X
926,O
927,X
928,X
929,DRAW
930,X
931,X
932,DRAW
933,O
934,X
935,X
936,X
937,DRAW
938,DRAW
939,O
940,X
941,DRAW
942,O
943,X
944,X
945,DRAW
946,O
947,DRAW
948,DRAW
949,X
950,X
951,X
952,X
953,X
954,X
955,DRAW
956,X
957,X
958,DRAW
959,X
960,X
961,X
962,X
963,X
964,O
965,X
966,X
967,X
968,X
969,X
970,X
971,X
972,X
973,O
974,X
975,X
976,X
977,X
978,O
979,X
980,X
981,O
982,X
983,X
984,X
985,DRAW
986,X
987,X
988,O
989,X
990,X
991,DRAW
992,DRAW
993,X
994,X
995,X
996,X
997,X
998,O
999,O
1000,X
1001,X
1002,X
1003,X
1004,X
1005,O
1006,O
1007,DRAW
1008,DRAW
1009,X
1010,O
1011,DRAW
1012,O
1013,O
1014,O
1015,O
1016,O
1017,O
1018,X
1019,X
1020,O
1021,DRAW
1022,O
1023,DRAW
1024,X
1025,O
1026,X
1027,O
1028,DRAW
1029,O
1030,DRAW
1031,X
1032,X
1033,X
1034,X
1035,X
1036,X
1037,X
1038,X
1039,X
1040,DRAW
1041,DRAW
1042,X
1043,X
1044,X
1045,X
1046,X
1047,X
1048,X
1049,X
1050,O
1051,X
1052,X
1053,X
1054,X
1055,O
1056,X
1057,X
1058,DRAW
1059,DRAW
1060,O
1061,X
1062,X
1063,X
1064,X
1065,X
1066,O
1067,X
1068,DRAW
1069,O
1070,O
1071,DRAW
1072,X
1073,DRAW
1074,DRAW
1075,DRAW
1076,O
1077,O
1078,X
1079,DRAW
1080,DRAW
1081,O
1082,O
1083,DRAW
1084,X
1085,O
1086,O
1087,X
1088,X
1089,X
1090,X
1091,X
1092,DRAW
1093,X
1094,DRAW
1095,DRAW
1096,X
1097,X
1098,X
1099,DRAW
1100,DRAW
1101,X
1102,X
1103,DRAW
1104,X
1105,X
1106,X
1107,DRAW
1108,X
1109,DRAW
1110,DRAW
1111,X
1112,O
1113,X
1114,X
1115,X
1116,X
1117,DRAW
1118,X
1119,DRAW
1120,O
1121,DRAW
1122,DRAW
1123,DRAW
1124,DRAW
1125,X
1126,DRAW
1127,DRAW
1128,DRAW
1129,X
1130,O
1131,DRAW
1132,DRAW
1133,X
1134,X
1135,X
1136,X
1137,X
1138,X
1139,X
1140,X
1141,DRAW
1142,X
1143,X
1144,O
1145,X
1146,X
1147,O
1148,DRAW
1149,X
1150,DRAW
1151,O
1152,X
1153,O
1154,DRAW
1155,X
1156,DRAW
1157,DRAW
1158,DRAW
1159,X
1160,DRAW
1161,X
1162,X
1163,O
1164,DRAW
1165,DRAW
1166,O
1167,O
1168,X
1169,X
1170,X
1171,X
1172,X
1173,DRAW
1174,X
1175,O
1176,X
1177,X
1178,X
1179,X
1180,X
1181,O
1182,X
1183,DRAW
1184,O
1185,O
1186,O
1187,X
1188,DRAW
1189,DRAW
1190,X
1191,X
1192,X
1193,O
1194,O
1195,X
1196,X
1197,DRAW
1198,O
1199,X
1200,DRAW
1201,X
1202,X
1203,X
1204,X
1205,X
1206,O
1207,DRAW
1208,DRAW
1209,X
1210,X
1211,DRAW
1212,O
1213,O
1214,X
1215,X
1216,X
1217,O
1218,X
1219,X
1220,X
1221,DRAW
1222,DRAW
1223,X
1224,DRAW
1225,DRAW
1226,DRAW
1227,DRAW
1228,X
1229,DRAW
1230,DRAW
1231,DRAW
1232,X
1233,X
1234,X
1235,O
1236,X
1237,X
1238,DRAW
1239,O
1240,O
1241,DRAW
1242,X
1243,O
1244,DRAW
1245,DRAW
1246,O
1247,DRAW
1248,O
1249,X
1250,DRAW
1251,O
1252,O
1253,DRAW
1254,X
1255,DRAW
1256,X
1257,DRAW
1258,DRAW
1259,O
1260,X
1261,X
1262,DRAW
1263,X
1264,DRAW
1265,X
1266,O
1267,O
1268,DRAW
1269,X
1270,X
1271,O
1272,X
1273,X
1274,O
1275,DRAW
1276,DRAW
1277,X
1278,X
1279,DRAW
1280,X
1281,DRAW
1282,DRAW
1283,X
1284,DRAW
1285,DRAW
1286,X
1287,X
1288,X
1289,X
1290,X
1291,X
1292,X
1293,X
1294,DRAW
1295,O
1296,X
1297,X
1298,DRAW
1299,O
1300,X
1301,O
1302,DRAW
1303,DRAW
1304,DRAW
1305,X
1306,DRAW
1307,O
1308,O
1309,DRAW
1310,DRAW
1311,DRAW
1312,DRAW
1313,DRAW
1314,DRAW
1315,DRAW
1316,O
1317,DRAW
1318,X
1319,O
1320,X
1321,DRAW
1322,X
1323,O
1324,O
1325,X
1326,DRAW
1327,O
1328,X
1329,DRAW
1330,O
1331,X
1332,O
1333,X
1334,DRAW
1335,DRAW
1336,DRAW
1337,X
1338,O
1339,O
1340,O
1341,O
1342,X
1343,X
1344,O
1345,X
1346,O
1347,X
1348,X
1349,DRAW
1350,X
1351,O
1352,O
1353,X
1354,DRAW
1355,X
1356,X
1357,X
1358,DRAW
1359,X
1360,O
1361,DRAW
1362,O
1363,X
1364,DRAW
1365,O
1366,O
1367,O
1368,X
1369,O
1370,X
1371,X
1372,X
1373,DRAW
1374,DRAW
1375,O
1376,X
1377,DRAW
1378,X
1379,DRAW
1380,O
1381,DRAW
1382,DRAW
1383,DRAW
1384,DRAW
1385,DRAW
1386,DRAW
1387,X
1388,DRAW
1389,O
1390,X
1391,DRAW
1392,O
1393,X
1394,O
1395,O
1396,X
1397,DRAW
1398,X
1399,O
1400,X
1401,DRAW
1402,X
1403,X
1404,O
1405,DRAW
1406,X
1407,X
1408,DRAW
1409,X
1410,DRAW
1411,DRAW
1412,DRAW
1413,DRAW
1414,O
1415,O
1416,X
1417,X
1418,X
1419,X
1420,DRAW
1421,X
1422,O
1423,X
1424,X
1425,X
1426,O
1427,X
1428,O
1429,X
1430,DRAW
1431,X
1432,X
1433,X
1434,DRAW
1435,O
1436,O
1437,X
1438,DRAW
1439,X
1440,X
1441,X
1442,X
1443,X
1444,X
1445,X
1446,X
1447,DRAW
1448,X
1449,O
1450,DRAW
1451,X
1452,X
1453,DRAW
1454,DRAW
1455,DRAW
1456,DRAW
1457,X
1458,DRAW
1459,X
1460,DRAW
1461,DRAW
1462,DRAW
1463,DRAW
1464,X
1465,DRAW
1466,O
1467,DRAW
1468,O
1469,DRAW
1470,DRAW
1471,O
1472,X
1473,DRAW
1474,X
1475,X
1476,DRAW
1477,X
1478,X
1479,O
1480,X
1481,DRAW
1482,X
1483,X
1484,X
1485,X
1486,O
1487,X
1488,X
1489,O
1490,X
1491,O
1492,DRAW
1493,X
1494,X
1495,DRAW
1496,X
1497,DRAW
1498,DRAW
1499,DRAW
1500,DRAW
1501,X
1502,DRAW
1503,DRAW
1504,DRAW
1505,X
1506,O
1507,DRAW
1508,O
1509,X
1510,DRAW
1511,X
1512,X
1513,DRAW
1514,DRAW
1515,X
1516,X
1517,X
1518,DRAW
1519,O
1520,X
1521,O
1522,X
1523,O
1524,X
1525,X
1526,X
1527,X
1528,X
1529,X
1530,X
1531,X
1532,X
1533,O
1534,X
1535,X
1536,O
1537,X
1538,X
1539,X
1540,DRAW
1541,X
1542,X
1543,X
1544,X
1545,X
1546,X
1547,DRAW
1548,X
1549,DRAW
1550,X
1551,X
1552,X
1553,X
1554,X
1555,X
1556,O
1557,DRAW
1558,X
1559,X
1560,X
1561,X
1562,X
1563,X
1564,O
1565,O
1566,DRAW
1567,DRAW
1568,X
1569,O
1570,X
1571,X
1572,DRAW
1573,O
1574,X
1575,DRAW
1576,X
1577,O
1578,DRAW
1579,X
1580,O
1581,X
1582,X
1583,O
1584,DRAW
1585,X
1586,O
1587,O
1588,O
1589,DRAW
1590,DRAW
1591,X
1592,DRAW
1593,DRAW
1594,O
1595,DRAW
1596,DRAW
1597,X
1598,X
1599,X
1600,O
1601,O
1602,DRAW
1603,X
1604,X
1605,X
1606,X
1607,X
1608,DRAW
1609,X
1610,X
1611,X
1612,X
1613,DRAW
1614,DRAW
1615,DRAW
1616,X
1617,DRAW
1618,X
1619,DRAW
1620,DRAW
1621,DRAW
1622,X
1623,X
1624,X
1625,X
1626,X
1627,X
1628,O
1629,X
1630,X
1631,X
1632,DRAW
1633,DRAW
1634,DRAW
1635,X
1636,X
1637,DRAW
1638,O
1639,O
1640,O
1641,O
1642,X
1643,DRAW
1644,O
1645,X
1646,DRAW
1647,O
1648,DRAW
1649,O
1650,DRAW
1651,DRAW
1652,DRAW
1653,X
1654,X
1655,O
1656,O
1657,X
1658,X
1659,O
1660,DRAW
1661,X
1662,DRAW
1663,DRAW
1664,DRAW
1665,X
1666,DRAW
1667,DRAW
1668,DRAW
1669,X
1670,DRAW
1671,DRAW
1672,DRAW
1673,DRAW
1674,DRAW
1675,DRAW
1676,X
1677,X
1678,DRAW
1679,X
1680,X
1681,X
1682,DRAW
1683,O
1684,O
1685,X
1686,X
1687,O
1688,DRAW
1689,X
1690,O
1691,DRAW
1692,DRAW
1693,DRAW
1694,DRAW
1695,DRAW
1696,X
1697,DRAW
1698,O
1699,X
1700,DRAW
1701,DRAW
1702,DRAW
1703,X
1704,O
1705,X
1706,X
1707,O
1708,X
1709,DRAW
1710,O
1711,X
1712,X
1713,O
1714,DRAW
1715,O
1716,X
1717,X
1718,X
1719,X
1720,X
1721,X
1722,X
1723,X
1724,O
1725,X
1726,X
1727,X
1728,X
1729,DRAW
1730,X
1731,DRAW
1732,X
1733,DRAW
1734,DRAW
1735,DRAW
1736,X
1737,X
1738,X
1739,DRAW
1740,DRAW
1741,X
1742,DRAW
1743,DRAW
1744,DRAW
1745,DRAW
1746,O
1747,DRAW
1748,DRAW
1749,X
1750,X
1751,O
1752,DRAW
1753,X
1754,DRAW
1755,DRAW
1756,X
1757,X
1758,O
1759,DRAW
1760,X
1761,O
1762,O
1763,X
1764,DRAW
1765,X
1766,DRAW
1767,X
1768,X
1769,X
1770,DRAW
1771,DRAW
1772,DRAW
1773,DRAW
1774,DRAW
1775,O
1776,X
1777,DRAW
1778,DRAW
1779,DRAW
1780,O
1781,O
1782,O
1783,DRAW
1784,DRAW
1785,X
1786,O
1787,DRAW
1788,O
1789,X
1790,X
1791,DRAW
1792,DRAW
1793,DRAW
1794,X
1795,X
1796,DRAW
1797,X
1798,DRAW
1799,DRAW
1800,X
1801,O
1802,O
1803,DRAW
1804,O
1805,O
1806,DRAW
1807,O
1808,DRAW
1809,O
1810,DRAW
1811,O
1812,O
1813,DRAW
1814,O
1815,DRAW
1816,DRAW
1817,X
1818,X
1819,DRAW
1820,DRAW
1821,X
1822,O
1823,X
1824,DRAW
1825,X
1826,DRAW
1827,DRAW
1828,X
1829,DRAW
1830,X
1831,X
1832,O
1833,X
1834,X
1835,X
1836,X
1837,O
1838,X
1839,O
1840,X
1841,O
1842,DRAW
1843,O
1844,X
1845,O
1846,O
1847,O
1848,DRAW
1849,DRAW
1850,O
1851,X
1852,DRAW
1853,O
1854,DRAW
1855,X
1856,O
1857,O
1858,O
1859,O
1860,X
1861,X
1862,X
1863,DRAW
1864,X
1865,X
1866,X
1867,DRAW
1868,DRAW
1869,DRAW
1870,DRAW
1871,DRAW
1872,DRAW
1873,DRAW
1874,X
1875,DRAW
1876,DRAW
1877,X
1878,X
1879,O
1880,X
1881,X
1882,X
1883,O
1884,X
1885,DRAW
1886,O
1887,X
1888,O
1889,X
1890,DRAW
1891,DRAW
1892,X
1893,X
1894,DRAW
1895,DRAW
1896,X
1897,X
1898,X
1899,O
1900,X
1901,DRAW
1902,X
1903,X
1904,X
1905,X
1906,O
1907,O
1908,O
1909,X
1910,O
1911,O
1912,X
1913,O
1914,O
1915,DRAW
1916,DRAW
1917,DRAW
1918,DRAW
1919,X
1920,DRAW
1921,X
1922,X
1923,DRAW
1924,DRAW
1925,O
1926,DRAW
1927,X
1928,O
1929,DRAW
1930,O
1931,DRAW
1932,DRAW
1933,DRAW
1934,O
1935,X
1936,O
1937,X
1938,X
1939,DRAW
1940,O
1941,O
1942,DRAW
1943,DRAW
1944,X
1945,O
1946,O
1947,O
1948,X
1949,DRAW
1950,X
1951,O
1952,O
1953,DRAW
1954,O
1955,DRAW
1956,DRAW
1957,X
1958,X
1959,X
1960,DRAW
1961,X
1962,X
1963,DRAW
1964,DRAW
1965,DRAW
1966,X
1967,X
1968,X
1969,X
1970,DRAW
1971,X
1972,X
1973,X
1974,X
1975,X
1976,X
1977,O
1978,X
1979,X
1980,X
1981,X
1982,DRAW
1983,DRAW
1984,X
1985,DRAW
1986,X
1987,X
1988,X
1989,X
1990,DRAW
1991,O
1992,X
1993,O
1994,DRAW
1995,DRAW
1996,DRAW
1997,DRAW
1998,O
1999,X
2000,DRAW
2001,DRAW
2002,DRAW
2003,DRAW
2004,O
2005,X
2006,DRAW
2007,X
2008,X
2009,DRAW
2010,DRAW
2011,X
2012,O
2013,X
2014,X
2015,DRAW
2016,DRAW
2017,X
2018,DRAW
2019,DRAW
2020,O
2021,DRAW
2022,X
2023,DRAW
2024,O
2025,DRAW
2026,DRAW
2027,X
2028,X
2029,X
2030,X
2031,O
2032,X
2033,DRAW
2034,X
2035,DRAW
2036,DRAW
2037,X
2038,X
2039,DRAW
2040,X
2041,DRAW
2042,X
2043,DRAW
2044,X
2045,X
2046,O
2047,DRAW
2048,O
2049,DRAW
2050,X
2051,DRAW
2052,X
2053,O
2054,DRAW
2055,X
2056,X
2057,X
2058,DRAW
2059,X
2060,DRAW
2061,DRAW
2062,DRAW
2063,DRAW
2064,DRAW
2065,DRAW
2066,X
2067,O
2068,X
2069,DRAW
2070,DRAW
2071,O
2072,DRAW
2073,X
2074,O
2075,X
2076,DRAW
2077,O
2078,O
2079,DRAW
2080,O
2081,DRAW
2082,O
2083,DRAW
2084,O
2085,O
2086,X
2087,X
2088,DRAW
2089,X
2090,X
2091,DRAW
2092,O
2093,DRAW
2094,X
2095,X
2096,DRAW
2097,X
2098,DRAW
2099,X
2100,O
2101,X
2102,DRAW
2103,O
2104,X
2105,DRAW
2106,O
2107,X
2108,DRAW
2109,X
2110,X
2111,O
2112,DRAW
2113,DRAW
2114,X
2115,DRAW
2116,O
2117,X
2118,X
2119,DRAW
2120,X
2121,DRAW
2122,DRAW
2123,DRAW
2124,DRAW
2125,DRAW
2126,X
2127,DRAW
2128,X
2129,DRAW
2130,X
2131,X
2132,X
2133,X
2134,DRAW
2135,X
2136,X
2137,X
2138,DRAW
2139,DRAW
2140,DRAW
2141,DRAW
2142,X
2143,DRAW
2144,DRAW
2145,X
2146,DRAW
2147,X
2148,DRAW
2149,DRAW
2150,DRAW
2151,DRAW
2152,DRAW
2153,DRAW
2154,X
2155,DRAW
2156,X
2157,DRAW
2158,O
2159,O
2160,O
2161,DRAW
2162,DRAW
2163,DRAW
2164,O
2165,DRAW
2166,DRAW
2167,DRAW
2168,O
2169,X
2170,X
2171,X
2172,X
2173,X
2174,O
2175,X
2176,X
2177,DRAW
2178,DRAW
2179,X
2180,DRAW
2181,DRAW
2182,X
2183,X
2184,X
2185,X
2186,DRAW
2187,X
2188,DRAW
2189,DRAW
2190,X
2191,O
2192,X
2193,X
2194,X
2195,X
2196,DRAW
2197,X
2198,X
2199,X
2200,X
2201,X
2202,X
2203,X
2204,X
2205,DRAW
2206,X
2207,X
2208,X
2209,DRAW
2210,X
2211,DRAW
2212,O
2213,X
2214,DRAW
2215,X
2216,X
2217,DRAW
2218,DRAW
2219,DRAW
2220,X
2221,X
2222,X
2223,X
2224,DRAW
2225,X
2226,DRAW
2227,X
2228,DRAW
2229,DRAW
2230,X
2231,DRAW
2232,X
2233,X
2234,DRAW
2235,DRAW
2236,X
2237,X
2238,DRAW
2239,DRAW
2240,DRAW
2241,X
2242,X
2243,X
2244,X
2245,DRAW
2246,DRAW
2247,DRAW
2248,DRAW
2249,O
2250,X
2251,DRAW
2252,X
2253,X
2254,DRAW
2255,O
2256,X
2257,DRAW
2258,DRAW
2259,DRAW
2260,DRAW
2261,O
2262,DRAW
2263,X
2264,DRAW
2265,O
2266,DRAW
2267,O
2268,X
2269,DRAW
2270,DRAW
2271,X
2272,X
2273,X
2274,X
2275,X
2276,DRAW
2277,X
2278,DRAW
2279,DRAW
2280,DRAW
2281,X
2282,X
2283,X
2284,DRAW
2285,X
2286,DRAW
2287,X
2288,O
2289,O
2290,X
2291,X
2292,X
2293,X
2294,X
2295,DRAW
2296,O
2297,O
2298,X
2299,DRAW
2300,X
2301,O
2302,DRAW
2303,DRAW
2304,X
2305,O
2306,O
2307,X
2308,O
2309,X
2310,X
2311,X
2312,DRAW
2313,X
2314,X
2315,X
2316,X
2317,X
2318,X
2319,X
2320,X
2321,O
2322,DRAW
2323,O
2324,DRAW
2325,DRAW
2326,X
2327,X
2328,DRAW
2329,X
2330,X
2331,DRAW
2332,X
2333,O
2334,X
2335,X
2336,O
2337,X
2338,O
2339,X
2340,DRAW
2341,X
2342,X
2343,X
2344,O
2345,DRAW
2346,DRAW
2347,X
2348,O
2349,O
2350,O
2351,O
2352,DRAW
2353,DRAW
2354,X
2355,X
2356,DRAW
2357,DRAW
2358,X
2359,DRAW
2360,X
2361,X
2362,DRAW
2363,DRAW
2364,DRAW
2365,X
2366,O
2367,DRAW
2368,O
2369,X
2370,X
2371,O
2372,X
2373,DRAW
2374,O
2375,X
2376,O
2377,X
2378,X
2379,O
2380,X
2381,DRAW
2382,X
2383,O
2384,O
2385,DRAW
2386,X
2387,X
2388,O
2389,O
2390,O
2391,O
2392,X
2393,X
2394,O
2395,O
2396,DRAW
2397,X
2398,X
2399,X
2400,X
2401,X
2402,X
2403,DRAW
2404,DRAW
2405,DRAW
2406,X
2407,X
2408,X
2409,DRAW
2410,O
2411,DRAW
2412,X
2413,X
2414,DRAW
2415,DRAW
2416,X
2417,DRAW
2418,DRAW
2419,O
2420,X
2421,X
2422,DRAW
2423,X
2424,O
2425,DRAW
2426,DRAW
2427,DRAW
2428,DRAW
2429,X
2430,X
2431,X
2432,DRAW
2433,X
2434,X
2435,O
2436,X
2437,X
2438,X
2439,X
2440,X
2441,X
2442,X
2443,DRAW
2444,O
2445,DRAW
2446,DRAW
2447,DRAW
2448,X
2449,X
2450,DRAW
2451,O
2452,X
2453,X
2454,X
2455,O
2456,X
2457,O
2458,X
2459,DRAW
2460,O
2461,X
2462,O
2463,DRAW
2464,O
2465,X
2466,DRAW
2467,X
2468,O
2469,X
2470,X
2471,X
2472,DRAW
2473,X
2474,X
2475,DRAW
2476,O
2477,X
2478,X
2479,DRAW
2480,DRAW
2481,X
2482,X
2483,DRAW
2484,X
2485,X
2486,X
2487,X
2488,X
2489,X
2490,X
2491,DRAW
2492,X
2493,DRAW
2494,O
2495,X
2496,X
2497,DRAW
2498,X
2499,X
2500,DRAW
2501,X
2502,X
2503,O
2504,X
2505,O
2506,X
2507,X
2508,DRAW
2509,X
2510,DRAW
2511,X
2512,DRAW
2513,DRAW
2514,X
2515,X
2516,X
2517,X
2518,O
2519,O
2520,X
2521,X
2522,X
2523,X
2524,O
2525,DRAW
2526,X
2527,X
2528,DRAW
2529,X
2530,DRAW
2531,X
2532,X
2533,X
2534,X
2535,X
2536,DRAW
2537,DRAW
2538,X
2539,DRAW
2540,DRAW
2541,DRAW
2542,X
2543,O
2544,DRAW
2545,X
2546,DRAW
2547,DRAW
2548,X
2549,X
2550,X
2551,DRAW
2552,X
2553,DRAW
2554,X
2555,DRAW
2556,O
2557,DRAW
2558,DRAW
2559,O
2560,DRAW
2561,X
2562,X
2563,X
2564,X
2565,X
2566,O
2567,X
2568,X
2569,X
2570,X
2571,X
2572,X
2573,DRAW
2574,O
2575,X
2576,X
2577,O
2578,DRAW
2579,DRAW
2580,O
2581,DRAW
2582,DRAW
2583,O
2584,DRAW
2585,X
2586,X
2587,X
2588,O
2589,DRAW
2590,X
2591,X
2592,DRAW
2593,O
2594,DRAW
2595,DRAW
2596,DRAW
2597,O
2598,X
2599,X
2600,DRAW
2601,DRAW
2602,DRAW
2603,X
2604,DRAW
2605,X
2606,X
2607,DRAW
2608,DRAW
2609,DRAW
2610,DRAW
2611,X
2612,X
2613,DRAW
2614,X
2615,DRAW
2616,DRAW
2617,DRAW
2618,X
2619,DRAW
2620,DRAW
2621,O
2622,DRAW
2623,DRAW
2624,X
2625,X
2626,DRAW
2627,DRAW
2628,DRAW
2629,DRAW
2630,O
2631,X
2632,X
2633,X
2634,X
2635,X
2636,DRAW
2637,X
2638,DRAW
2639,O
2640,DRAW
2641,X
2642,O
2643,DRAW
2644,DRAW
2645,DRAW
2646,X
2647,X
2648,DRAW
2649,DRAW
2650,O
2651,O
2652,X
2653,X
2654,DRAW
2655,DRAW
2656,DRAW
2657,X
2658,X
2659,DRAW
2660,X
2661,X
2662,X
2663,O
2664,X
2665,DRAW
2666,X
2667,X
2668,DRAW
2669,X
2670,DRAW
2671,DRAW
2672,DRAW
2673,X
2674,X
2675,DRAW
2676,X
2677,X
2678,DRAW
2679,X
2680,X
2681,DRAW
2682,DRAW
2683,X
2684,DRAW
2685,DRAW
2686,DRAW
2687,DRAW
2688,X
2689,X
2690,O
2691,DRAW
2692,O
2693,DRAW
2694,DRAW
2695,O
2696,DRAW
2697,DRAW
2698,DRAW
2699,X
2700,O
2701,O
2702,X
2703,X
2704,X
2705,X
2706,X
2707,X
2708,X
2709,X
2710,DRAW
2711,DRAW
2712,X
2713,X
2714,X
2715,O
2716,X
2717,X
2718,X
2719,X
2720,X
2721,O
2722,DRAW
2723,X
2724,DRAW
2725,O
2726,X
2727,DRAW
2728,X
2729,X
2730,X
2731,X
2732,X
2733,X
2734,O
2735,X
2736,DRAW
2737,X
2738,X
2739,X
2740,X
2741,DRAW
2742,X
2743,X
2744,DRAW
2745,O
2746,X
2747,X
2748,X
2749,DRAW
2750,DRAW
2751,X
2752,O
2753,DRAW
2754,DRAW
2755,DRAW
2756,DRAW
2757,X
2758,X
2759,X
2760,DRAW
2761,O
2762,X
2763,X
2764,X
2765,DRAW
2766,O
2767,DRAW
2768,X
2769,DRAW
2770,DRAW
2771,X
2772,X
2773,X
2774,O
2775,X
2776,X
2777,X
2778,X
2779,X
2780,DRAW
2781,X
2782,DRAW
2783,DRAW
2784,DRAW
2785,O
2786,DRAW
2787,X
2788,X
2789,O
2790,X
2791,X
2792,X
2793,X
2794,X
2795,X
2796,X
2797,X
2798,X
2799,DRAW
2800,X
2801,DRAW
2802,X
2803,X
2804,X
2805,DRAW
2806,DRAW
2807,DRAW
2808,DRAW
2809,O
2810,O
2811,X
2812,DRAW
2813,X
2814,DRAW
2815,DRAW
2816,DRAW
2817,X
2818,O
2819,DRAW
2820,X
2821,O
2822,X
2823,X
2824,X
2825,DRAW
2826,X
2827,X
2828,X
2829,O
2830,O
2831,O
2832,X
2833,X
2834,O
2835,DRAW
2836,DRAW
2837,X
2838,O
2839,X
2840,DRAW
2841,X
2842,O
2843,X
2844,X
2845,X
2846,X
2847,X
2848,DRAW
2849,DRAW
2850,DRAW
2851,DRAW
2852,O
2853,X
2854,X
2855,X
2856,X
2857,DRAW
2858,DRAW
2859,X
2860,X
2861,DRAW
2862,X
2863,X
2864,DRAW
2865,X
2866,O
2867,X
2868,O
2869,O
2870,X
2871,DRAW
2872,DRAW
2873,DRAW
2874,DRAW
2875,DRAW
2876,X
2877,O
2878,X
2879,O
2880,O
2881,DRAW
2882,X
2883,DRAW
2884,DRAW
2885,O
2886,O
2887,O
2888,X
2889,O
2890,X
2891,DRAW
2892,DRAW
2893,DRAW
2894,O
2895,X
2896,X
2897,X
2898,X
2899,DRAW
2900,X
2901,DRAW
2902,X
2903,DRAW
2904,X
2905,X
2906,O
2907,DRAW
2908,O
2909,X
2910,X
2911,X
2912,DRAW
2913,X
2914,O
2915,DRAW
2916,DRAW
2917,O
2918,DRAW
2919,X
2920,X
2921,O
2922,X
2923,X
2924,DRAW
2925,DRAW
2926,X
2927,X
2928,X
2929,X
2930,X
2931,O
2932,X
2933,X
2934,X
2935,X
2936,X
2937,X
2938,X
2939,DRAW
2940,X
2941,X
2942,X
2943,O
2944,DRAW
2945,DRAW
2946,X
2947,X
2948,X
2949,DRAW
2950,O
2951,X
2952,X
2953,X
2954,X
2955,O
2956,DRAW
2957,X
2958,X
2959,DRAW
2960,X
2961,X
2962,X
2963,X
2964,X
2965,X
2966,X
2967,X
2968,X
2969,DRAW
2970,O
2971,X
2972,X
2973,DRAW
2974,O
2975,X
2976,X
2977,X
2978,DRAW
2979,DRAW
2980,X
2981,O
2982,DRAW
2983,X
2984,DRAW
2985,X
2986,X
2987,X
2988,DRAW
2989,X
2990,O
2991,DRAW
2992,DRAW
2993,O
2994,X
2995,DRAW
2996,X
2997,X
2998,X
2999,X
3000,DRAW
3001,X
3002,DRAW
3003,DRAW
3004,X
3005,O
3006,X
3007,X
3008,X
3009,O
3010,X
3011,X
3012,X
3013,X
3014,X
3015,O
3016,DRAW
3017,DRAW
3018,DRAW
3019,X
3020,DRAW
3021,X
3022,X
3023,X
3024,DRAW
3025,O
3026,O
3027,DRAW
3028,X
3029,O
3030,O
3031,X
3032,X
3033,X
3034,X
3035,X
3036,X
3037,DRAW
3038,DRAW
3039,X
3040,X
3041,O
3042,DRAW
3043,DRAW
3044,DRAW
3045,X
3046,X
3047,DRAW
3048,X
3049,O
3050,X
3051,DRAW
3052,O
3053,DRAW
3054,X
3055,X
3056,X
3057,X
3058,X
3059,X
3060,DRAW
3061,X
3062,O
3063,O
3064,X
3065,O
3066,O
3067,X
3068,DRAW
3069,X
3070,X
3071,O
3072,X
3073,DRAW
3074,X
3075,X
3076,DRAW
3077,DRAW
3078,X
3079,DRAW
3080,O
3081,DRAW
3082,O
3083,DRAW
3084,DRAW
3085,O
3086,X
3087,DRAW
3088,O
3089,DRAW
3090,X
3091,X
3092,X
3093,X
3094,X
3095,X
3096,X
3097,X
3098,DRAW
3099,X
3100,DRAW
3101,DRAW
3102,DRAW
3103,DRAW
3104,X
3105,DRAW
3106,DRAW
3107,X
3108,X
3109,X
3110,O
3111,O
3112,X
3113,X
3114,X
3115,X
3116,O
3117,O
3118,X
3119,O
3120,DRAW
3121,DRAW
3122,DRAW
3123,X
3124,DRAW
3125,O
3126,O
3127,O
3128,X
3129,X
3130,O
3131,O
3132,DRAW
3133,X
3134,DRAW
3135,X
3136,X
3137,X
3138,X
3139,O
3140,X
3141,X
3142,X
3143,DRAW
3144,X
3145,DRAW
3146,X
3147,X
3148,O
3149,DRAW
3150,X
3151,DRAW
3152,X
3153,O
3154,X
3155,X
3156,X
3157,DRAW
3158,X
3159,O
3160,X
3161,DRAW
3162,X
3163,X
3164,X
3165,X
3166,X
3167,X
3168,X
3169,O
3170,O
3171,O
3172,X
3173,X
3174,X
3175,X
3176,X
3177,X
3178,X
3179,X
3180,DRAW
3181,X
3182,X
3183,X
3184,X
3185,DRAW
3186,X
3187,X
3188,X
3189,DRAW
3190,X
3191,X
3192,X
3193,DRAW
3194,O
3195,X
3196,X
3197,O
3198,X
3199,O
3200,O
3201,O
3202,X
3203,X
3204,X
3205,O
3206,X
3207,O
3208,X
3209,O
3210,O
3211,O
3212,O
3213,DRAW
3214,X
3215,DRAW
3216,O
3217,O
3218,X
3219,DRAW
3220,DRAW
3221,DRAW
3222,DRAW
3223,X
3224,DRAW
3225,X
3226,DRAW
3227,O
3228,DRAW
3229,DRAW
3230,X
3231,DRAW
3232,DRAW
3233,DRAW
3234,DRAW
3235,X
3236,X
3237,DRAW
3238,DRAW
3239,O
3240,DRAW
3241,X
3242,DRAW
3243,X
3244,X
3245,O
3246,X
3247,X
3248,X
3249,DRAW
3250,X
3251,X
3252,DRAW
3253,O
3254,DRAW
3255,X
3256,X
3257,O
3258,X
3259,O
3260,X
3261,X
3262,X
3263,O
3264,DRAW
3265,O
3266,X
3267,O
3268,DRAW
3269,O
3270,DRAW
3271,DRAW
3272,DRAW
3273,DRAW
3274,DRAW
3275,X
3276,X
3277,DRAW
3278,DRAW
3279,X
3280,X
3281,DRAW
3282,X
3283,DRAW
3284,X
3285,X
3286,X
3287,X
3288,X
3289,DRAW
3290,X
3291,DRAW
3292,DRAW
3293,X
3294,DRAW
3295,O
3296,DRAW
3297,DRAW
3298,X
3299,O
3300,X
3301,O
3302,DRAW
3303,DRAW
3304,DRAW
3305,X
3306,X
3307,X
3308,DRAW
3309,X
3310,X
3311,X
3312,DRAW
3313,O
3314,X
3315,X
3316,X
3317,X
3318,DRAW
3319,X
3320,X
3321,DRAW
3322,X
3323,X
3324,O
3325,DRAW
3326,O
3327,X
3328,X
3329,DRAW
3330,DRAW
3331,X
3332,DRAW
3333,X
3334,DRAW
3335,X
3336,X
3337,X
3338,X
3339,DRAW
3340,X
3341,X
3342,X
3343,X
3344,X
3345,O
3346,O
3347,DRAW
3348,X
3349,DRAW
3350,DRAW
3351,O
3352,O
3353,X
3354,DRAW
3355,X
3356,O
3357,DRAW
3358,O
3359,O
3360,X
3361,X
3362,X
3363,O
3364,X
3365,X
3366,O
3367,X
3368,DRAW
3369,X
3370,DRAW
3371,X
3372,DRAW
3373,X
3374,O
3375,X
3376,O
3377,DRAW
3378,X
3379,O
3380,O
3381,O
3382,X
3383,X
3384,O
3385,X
3386,X
3387,X
3388,X
3389,X
3390,O
3391,X
3392,DRAW
3393,DRAW
3394,X
3395,X
3396,DRAW
3397,DRAW
3398,DRAW
3399,X
3400,O
3401,X
3402,DRAW
3403,X
3404,DRAW
3405,DRAW
3406,DRAW
3407,DRAW
3408,DRAW
3409,X
3410,X
3411,X
3412,X
3413,DRAW
3414,X
3415,DRAW
3416,DRAW
3417,DRAW
3418,O
3419,X
3420,DRAW
3421,DRAW
3422,DRAW
3423,DRAW
3424,DRAW
3425,DRAW
3426,X
3427,DRAW
3428,X
3429,DRAW
3430,O
3431,DRAW
3432,DRAW
3433,DRAW
3434,X
3435,X
3436,DRAW
3437,DRAW
3438,DRAW
3439,DRAW
3440,X
3441,X
3442,O
3443,DRAW
3444,X
3445,DRAW
3446,O
3447,DRAW
3448,DRAW
3449,DRAW
3450,X
3451,O
3452,X
3453,O
3454,X
3455,X
3456,X
3457,X
3458,DRAW
3459,DRAW
3460,X
3461,X
3462,X
3463,X
3464,X
3465,O
3466,O
3467,X
3468,X
3469,O
3470,X
3471,X
3472,DRAW
3473,DRAW
3474,X
3475,O
3476,O
3477,X
3478,X
3479,X
3480,DRAW
3481,DRAW
3482,X
3483,DRAW
3484,X
3485,X
3486,X
3487,X
3488,X
3489,X
3490,X
3491,DRAW
3492,X
3493,X
3494,O
3495,DRAW
3496,O
3497,DRAW
3498,DRAW
3499,O
3500,X
3501,O
3502,X
3503,DRAW
3504,X
3505,X
3506,X
3507,X
3508,X
3509,X
3510,O
3511,X
3512,X
3513,DRAW
3514,X
3515,DRAW
3516,X
3517,O
3518,X
3519,DRAW
3520,DRAW
3521,X
3522,X
3523,X
3524,X
3525,DRAW
3526,X
3527,X
3528,DRAW
3529,X
3530,X
3531,X
3532,X
3533,X
3534,DRAW
3535,DRAW
3536,X
3537,X
3538,DRAW
3539,X
3540,X
3541,X
3542,DRAW
3543,O
3544,X
3545,DRAW
3546,X
3547,X
3548,X
3549,X
3550,DRAW
3551,DRAW
3552,O
3553,X
3554,DRAW
3555,X
3556,X
3557,DRAW
3558,X
3559,X
3560,X
3561,DRAW
3562,DRAW
3563,X
3564,DRAW
3565,X
3566,DRAW
3567,DRAW
3568,DRAW
3569,X
3570,DRAW
3571,X
3572,DRAW
3573,O
3574,X
3575,O
3576,DRAW
3577,O
3578,O
3579,O
3580,DRAW
3581,O
3582,DRAW
3583,O
3584,X
3585,O
3586,X
3587,O
3588,X
3589,X
3590,X
3591,X
3592,X
3593,O
3594,X
3595,O
3596,X
3597,O
3598,O
3599,O
3600,O
3601,DRAW
3602,O
3603,DRAW
3604,DRAW
3605,O
3606,O
3607,X
3608,X
3609,X
3610,X
3611,X
3612,X
3613,X
3614,X
3615,X
3616,O
3617,O
3618,X
3619,O
3620,DRAW
3621,DRAW
3622,DRAW
3623,X
3624,X
3625,X
3626,DRAW
3627,X
3628,X
3629,DRAW
3630,X
3631,DRAW
3632,X
3633,DRAW
3634,O
3635,O
3636,O
3637,O
3638,DRAW
3639,X
3640,O
3641,X
3642,X
3643,O
3644,DRAW
3645,DRAW
3646,X
3647,X
3648,X
3649,X
3650,DRAW
3651,O
3652,X
3653,DRAW
3654,DRAW
3655,X
3656,DRAW
3657,O
3658,O
3659,DRAW
3660,X
3661,X
3662,X
3663,X
3664,X
3665,X
3666,DRAW
3667,O
3668,O
3669,X
3670,X
3671,O
3672,O
3673,DRAW
3674,O
3675,O
3676,X
3677,DRAW
3678,X
3679,X
3680,X
3681,X
3682,DRAW
3683,X
3684,DRAW
3685,DRAW
3686,DRAW
3687,DRAW
3688,X
3689,DRAW
3690,DRAW
3691,X
3692,DRAW
3693,DRAW
3694,X
3695,X
3696,X
3697,X
3698,X
3699,X
3700,X
3701,O
3702,DRAW
3703,DRAW
3704,X
3705,DRAW
3706,DRAW
3707,DRAW
3708,DRAW
3709,DRAW
3710,X
3711,DRAW
3712,DRAW
3713,O
3714,O
3715,X
3716,DRAW
3717,X
3718,O
3719,DRAW
3720,O
3721,X
3722,DRAW
3723,DRAW
3724,X
3725,DRAW
3726,DRAW
3727,DRAW
3728,X
3729,X
3730,DRAW
3731,DRAW
3732,X
3733,DRAW
3734,DRAW
3735,DRAW
3736,DRAW
3737,X
3738,O
3739,DRAW
3740,X
3741,O
3742,DRAW
3743,DRAW
3744,X
3745,DRAW
3746,DRAW
3747,X
3748,O
3749,DRAW
3750,X
3751,X
3752,X
3753,O
3754,O
3755,X
3756,X
3757,O
3758,O
3759,X
3760,X
3761,DRAW
3762,DRAW
3763,DRAW
3764,DRAW
3765,DRAW
3766,DRAW
3767,DRAW
3768,O
3769,O
3770,DRAW
3771,O
3772,X
3773,O
3774,X
3775,X
3776,DRAW
3777,X
3778,X
3779,DRAW
3780,X
3781,X
3782,O
3783,X
3784,X
3785,DRAW
3786,X
3787,X
3788,X
3789,X
3790,DRAW
3791,DRAW
3792,DRAW
3793,DRAW
3794,DRAW
3795,X
3796,DRAW
3797,DRAW
3798,O
3799,X
3800,O
3801,O
3802,DRAW
3803,O
3804,X
3805,O
3806,X
3807,O
3808,X
3809,X
3810,X
3811,DRAW
3812,X
3813,X
3814,DRAW
3815,O
3816,X
3817,O
3818,X
3819,DRAW
3820,X
3821,X
3822,X
3823,O
3824,X
3825,X
3826,X
3827,O
3828,X
3829,X
3830,X
3831,X
3832,O
3833,X
3834,X
3835,DRAW
3836,X
3837,DRAW
3838,X
3839,X
3840,X
3841,DRAW
3842,X
3843,DRAW
3844,DRAW
3845,X
3846,DRAW
3847,X
3848,X
3849,O
3850,X
3851,X
3852,O
3853,X
3854,X
3855,O
3856,DRAW
3857,X
3858,O
3859,O
3860,X
3861,O
3862,DRAW
3863,DRAW
3864,X
3865,X
3866,DRAW
3867,X
3868,DRAW
3869,O
3870,X
3871,DRAW
3872,X
3873,DRAW
3874,X
3875,X
3876,X
3877,O
3878,X
3879,DRAW
3880,DRAW
3881,X
3882,O
3883,DRAW
3884,O
3885,DRAW
3886,O
3887,O
3888,X
3889,DRAW
3890,X
3891,DRAW
3892,O
3893,X
3894,O
3895,X
3896,DRAW
3897,X
3898,O
3899,X
3900,DRAW
3901,X
3902,DRAW
3903,DRAW
3904,DRAW
3905,DRAW
3906,DRAW
3907,DRAW
3908,DRAW
3909,X
3910,X
3911,X
3912,O
3913,DRAW
3914,X
3915,DRAW
3916,O
3917,DRAW
3918,DRAW
3919,DRAW
3920,X
3921,X
3922,O
3923,X
3924,X
3925,DRAW
3926,DRAW
3927,DRAW
3928,X
3929,DRAW
3930,DRAW
3931,O
3932,DRAW
3933,X
3934,X
3935,X
3936,X
3937,X
3938,X
3939,DRAW
3940,DRAW
3941,DRAW
3942,X
3943,DRAW
3944,DRAW
3945,DRAW
3946,X
3947,O
3948,DRAW
3949,DRAW
3950,DRAW
3951,DRAW
3952,O
3953,DRAW
3954,X
3955,O
3956,DRAW
3957,DRAW
3958,X
3959,X
3960,DRAW
3961,O
3962,O
3963,DRAW
3964,O
3965,DRAW
3966,O
3967,X
3968,O
3969,O
3970,X
3971,O
3972,X
3973,X
3974,DRAW
3975,X
3976,X
3977,DRAW
3978,DRAW
3979,O
3980,X
3981,X
3982,DRAW
3983,X
3984,X
3985,X
3986,X
3987,X
3988,X
3989,X
3990,O
3991,X
3992,X
3993,X
3994,X
3995,DRAW
3996,X
3997,X
3998,X
3999,DRAW
4000,DRAW
4001,X
4002,X
4003,X
4004,X
4005,X
4006,O
4007,X
4008,X
4009,X
4010,O
4011,X
4012,X
4013,DRAW
4014,O
4015,X
4016,X
4017,X
4018,O
4019,X
4020,DRAW
4021,X
4022,O
4023,X
4024,DRAW
4025,X
4026,DRAW
4027,O
4028,O
4029,O
4030,O
4031,X
4032,DRAW
4033,O
4034,X
4035,X
4036,O
4037,DRAW
4038,DRAW
4039,O
4040,DRAW
4041,DRAW
4042,O
4043,O
4044,DRAW
4045,DRAW
4046,X
4047,X
4048,O
4049,DRAW
4050,X
4051,X
4052,DRAW
4053,X
4054,X
4055,DRAW
4056,X
4057,X
4058,X
4059,X
4060,DRAW
4061,X
4062,X
4063,O
4064,DRAW
4065,DRAW
4066,X
4067,DRAW
4068,X
4069,DRAW
4070,O
4071,X
4072,DRAW
4073,X
4074,X
4075,O
4076,DRAW
4077,X
4078,X
4079,DRAW
4080,DRAW
4081,X
4082,O
4083,O
4084,DRAW
4085,X
4086,X
4087,X
4088,O
4089,X
4090,X
4091,X
4092,DRAW
4093,O
4094,O
4095,X
4096,X
4097,DRAW
4098,DRAW
4099,DRAW
4100,X
4101,X
4102,DRAW
4103,DRAW
4104,X
4105,O
4106,O
4107,X
4108,X
4109,DRAW
4110,O
4111,X
4112,O
4113,X
4114,X
4115,X
4116,DRAW
4117,DRAW
4118,DRAW
4119,DRAW
4120,X
4121,DRAW
4122,X
4123,DRAW
4124,DRAW
4125,X
4126,X
4127,X
4128,O
4129,DRAW
4130,DRAW
4131,DRAW
4132,O
4133,X
4134,X
4135,DRAW
4136,O
4137,X
4138,DRAW
4139,DRAW
4140,X
4141,DRAW
4142,DRAW
4143,X
4144,O
4145,X
4146,X
4147,X
4148,O
4149,O
4150,O
4151,O
4152,X
4153,X
4154,X
4155,DRAW
4156,DRAW
4157,DRAW
4158,X
4159,X
4160,X
4161,X
4162,DRAW
4163,DRAW
4164,DRAW
4165,O
4166,X
4167,DRAW
4168,DRAW
4169,X
4170,DRAW
4171,O
4172,X
4173,X
4174,O
4175,O
4176,X
4177,O
4178,X
4179,X
4180,X
4181,DRAW
4182,X
4183,X
4184,X
4185,O
4186,X
4187,X
4188,X
4189,X
4190,DRAW
4191,X
4192,DRAW
4193,DRAW
4194,X
4195,DRAW
4196,DRAW
4197,DRAW
4198,DRAW
4199,X
4200,DRAW
4201,X
4202,O
4203,X
4204,X
4205,O
4206,X
4207,O
4208,DRAW
4209,X
4210,DRAW
4211,X
4212,O
4213,X
4214,O
4215,DRAW
4216,X
4217,DRAW
4218,O
4219,DRAW
4220,O
4221,O
4222,O
4223,DRAW
4224,X
4225,O
4226,DRAW
4227,DRAW
4228,DRAW
4229,DRAW
4230,X
4231,DRAW
4232,DRAW
4233,DRAW
4234,DRAW
4235,O
4236,DRAW
4237,X
4238,X
4239,DRAW
4240,X
4241,DRAW
4242,X
4243,X
4244,DRAW
4245,X
4246,O
4247,DRAW
4248,X
4249,DRAW
4250,O
4251,O
4252,O
4253,X
4254,X
4255,DRAW
4256,X
4257,O
4258,X
4259,X
4260,X
4261,O
4262,X
4263,O
4264,DRAW
4265,DRAW
4266,DRAW
4267,DRAW
4268,O
4269,O
4270,DRAW
4271,X
4272,DRAW
4273,DRAW
4274,DRAW
4275,DRAW
4276,DRAW
4277,DRAW
4278,X
4279,X
4280,X
4281,DRAW
4282,DRAW
4283,DRAW
4284,DRAW
4285,O
4286,X
4287,DRAW
4288,X
4289,X
4290,O
4291,DRAW
4292,O
4293,DRAW
4294,X
4295,DRAW
4296,DRAW
4297,X
4298,DRAW
4299,DRAW
4300,DRAW
4301,X
4302,DRAW
4303,DRAW
4304,DRAW
4305,X
4306,O
4307,X
4308,DRAW
4309,X
4310,O
4311,X
4312,X
4313,DRAW
4314,X
4315,O
4316,X
4317,DRAW
4318,DRAW
4319,DRAW
4320,X
4321,X
4322,X
4323,DRAW
4324,X
4325,DRAW
4326,DRAW
4327,O
4328,O
4329,X
4330,DRAW
4331,O
4332,DRAW
4333,DRAW
4334,X
4335,DRAW
4336,X
4337,X
4338,X
4339,X
4340,X
4341,DRAW
4342,X
4343,X
4344,X
4345,DRAW
4346,O
4347,DRAW
4348,X
4349,X
4350,X
4351,DRAW
4352,DRAW
4353,X
4354,X
4355,X
4356,DRAW
4357,O
4358,O
4359,X
4360,DRAW
4361,O
4362,O
4363,DRAW
4364,DRAW
4365,X
4366,X
4367,DRAW
4368,X
4369,DRAW
4370,X
4371,X
4372,DRAW
4373,DRAW
4374,DRAW
4375,X
4376,DRAW
4377,O
4378,O
4379,DRAW
4380,X
4381,X
4382,X
4383,X
4384,O
4385,O
4386,DRAW
4387,O
4388,X
4389,O
4390,DRAW
4391,O
4392,X
4393,O
4394,O
4395,X
4396,X
4397,DRAW
4398,O
4399,O
4400,DRAW
4401,DRAW
4402,DRAW
4403,X
4404,X
4405,X
4406,DRAW
4407,O
4408,X
4409,X
4410,DRAW
4411,O
4412,O
4413,X
4414,X
4415,O
4416,X
4417,X
4418,X
4419,DRAW
4420,O
4421,X
4422,X
4423,X
4424,O
4425,DRAW
4426,X
4427,X
4428,DRAW
4429,O
4430,X
4431,X
4432,O
4433,O
4434,O
4435,O
4436,X
4437,X
4438,X
4439,O
4440,X
4441,O
4442,X
4443,O
4444,X
4445,X
4446,DRAW
4447,DRAW
4448,X
4449,DRAW
4450,X
4451,O
4452,X
4453,X
4454,X
4455,O
4456,X
4457,X
4458,X
4459,DRAW
4460,O
4461,X
4462,DRAW
4463,X
4464,X
4465,X
4466,X
4467,X
4468,DRAW
4469,X
4470,DRAW
4471,DRAW
4472,DRAW
4473,DRAW
4474,X
4475,X
4476,O
4477,X
4478,DRAW
4479,DRAW
4480,O
4481,DRAW
4482,X
4483,X
4484,DRAW
4485,X
4486,DRAW
4487,X
4488,X
4489,DRAW
4490,X
4491,X
4492,O
4493,O
4494,O
4495,X
4496,X
4497,DRAW
4498,DRAW
4499,X
4500,DRAW
4501,O
4502,DRAW
4503,X
4504,DRAW
4505,DRAW
4506,X
4507,X
4508,DRAW
4509,DRAW
4510,X
4511,X
4512,X
4513,X
4514,X
4515,DRAW
4516,O
4517,O
4518,O
4519,X
4520,DRAW
4521,O
4522,DRAW
4523,DRAW
4524,DRAW
4525,DRAW
4526,X
4527,X
4528,O
4529,DRAW
4530,X
4531,X
4532,DRAW
4533,DRAW
4534,O
4535,X
4536,DRAW
4537,DRAW
4538,DRAW
4539,DRAW
4540,DRAW
4541,DRAW
4542,DRAW
4543,X
4544,O
4545,X
4546,O
4547,O
4548,X
4549,DRAW
4550,DRAW
4551,DRAW
4552,DRAW
4553,DRAW
4554,DRAW
4555,DRAW
4556,DRAW
4557,O
4558,X
4559,O
4560,O
4561,X
4562,X
4563,X
4564,DRAW
4565,X
4566,DRAW
4567,DRAW
4568,O
4569,DRAW
4570,X
4571,DRAW
4572,DRAW
4573,DRAW
4574,DRAW
4575,DRAW
4576,X
4577,DRAW
4578,DRAW
4579,DRAW
4580,O
4581,DRAW
4582,DRAW
4583,DRAW
4584,DRAW
4585,O
4586,O
4587,X
4588,O
4589,O
4590,X
4591,O
4592,O
4593,DRAW
4594,X
4595,O
4596,O
4597,X
4598,X
4599,O
4600,O
4601,DRAW
4602,DRAW
4603,X
4604,X
4605,O
4606,O
4607,O
4608,X
4609,X
4610,X
4611,X
4612,DRAW
4613,O
4614,O
4615,DRAW
4616,X
4617,X
4618,DRAW
4619,DRAW
4620,DRAW
4621,X
4622,X
4623,O
4624,X
4625,X
4626,DRAW
4627,O
4628,DRAW
4629,X
4630,X
4631,X
4632,X
4633,X
4634,X
4635,X
4636,O
4637,X
4638,O
4639,X
4640,O
4641,X
4642,X
4643,X
4644,DRAW
4645,DRAW
4646,O
4647,X
4648,DRAW
4649,DRAW
4650,X
4651,X
4652,X
4653,O
4654,DRAW
4655,X
4656,X
4657,X
4658,X
4659,X
4660,O
4661,X
4662,X
4663,X
4664,DRAW
4665,X
4666,X
4667,X
4668,DRAW
4669,X
4670,X
4671,X
4672,X
4673,X
4674,DRAW
4675,X
4676,X
4677,X
4678,DRAW
4679,X
4680,X
4681,X
4682,O
4683,O
4684,O
4685,X
4686,X
4687,X
4688,X
4689,X
4690,X
4691,X
4692,DRAW
4693,O
4694,X
4695,X
4696,X
4697,DRAW
4698,O
4699,X
4700,X
4701,X
4702,X
4703,O
4704,X
4705,DRAW
4706,X
4707,X
4708,X
4709,DRAW
4710,X
4711,X
4712,DRAW
4713,X
4714,X
4715,X
4716,DRAW
4717,X
4718,DRAW
4719,X
4720,X
4721,O
4722,X
4723,X
4724,DRAW
4725,X
4726,X
4727,X
4728,X
4729,X
4730,X
4731,O
4732,X
4733,X
4734,X
4735,O
4736,X
4737,X
4738,X
4739,X
4740,X
4741,X
4742,O
4743,X
4744,X
4745,DRAW
4746,X
4747,X
4748,X
4749,O
4750,DRAW
4751,O
4752,O
4753,DRAW
4754,X
4755,O
4756,X
4757,O
4758,O
4759,X
4760,DRAW
4761,DRAW
4762,DRAW
4763,DRAW
4764,X
4765,DRAW
4766,X
4767,O
4768,O
4769,DRAW
4770,DRAW
4771,X
4772,O
4773,O
4774,O
4775,X
4776,O
4777,DRAW
4778,O
4779,X
4780,DRAW
4781,X
4782,DRAW
4783,X
4784,DRAW
4785,X
4786,O
4787,X
4788,X
4789,O
4790,X
4791,X
4792,X
4793,O
4794,X
4795,DRAW
4796,X
4797,X
4798,X
4799,X
4800,X
4801,X
4802,O
4803,DRAW
4804,X
4805,X
4806,DRAW
4807,DRAW
4808,X
4809,O
4810,X
4811,O
4812,O
4813,DRAW
4814,O
4815,X
4816,X
4817,X
4818,DRAW
4819,DRAW
4820,DRAW
4821,DRAW
4822,X
4823,O
4824,DRAW
4825,DRAW
4826,X
4827,O
4828,DRAW
4829,X
4830,O
4831,X
4832,X
4833,O
4834,X
4835,DRAW
4836,O
4837,X
4838,DRAW
4839,DRAW
4840,X
4841,DRAW
4842,X
4843,DRAW
4844,DRAW
4845,O
4846,X
4847,DRAW
4848,DRAW
4849,X
4850,DRAW
4851,X
4852,X
4853,X
4854,DRAW
4855,X
4856,DRAW
4857,DRAW
4858,X
4859,X
4860,X
4861,DRAW
4862,X
4863,X
4864,O
4865,O
4866,O
4867,X
4868,DRAW
4869,O
4870,X
4871,X
4872,DRAW
4873,DRAW
4874,O
4875,X
4876,DRAW
4877,X
4878,DRAW
4879,DRAW
4880,DRAW
4881,DRAW
4882,DRAW
4883,X
4884,O
4885,X
4886,X
4887,DRAW
4888,O
4889,DRAW
4890,X
4891,X
4892,O
4893,X
4894,O
4895,X
4896,X
4897,X
4898,O
4899,X
4900,O
4901,O
4902,O
4903,X
4904,X
4905,X
4906,O
4907,DRAW
4908,O
4909,X
4910,O
4911,X
4912,X
4913,X
4914,X
4915,X
4916,DRAW
4917,X
4918,X
4919,X
4920,X
4921,DRAW
4922,X
4923,X
4924,X
4925,X
4926,X
4927,X
4928,DRAW
4929,X
4930,X
4931,X
4932,X
4933,DRAW
4934,DRAW
4935,DRAW
4936,DRAW
4937,O
4938,X
4939,X
4940,O
4941,DRAW
4942,O
4943,X
4944,DRAW
4945,O
4946,DRAW
4947,DRAW
4948,X
4949,DRAW
4950,X
4951,X
4952,DRAW
4953,O
4954,DRAW
4955,O
4956,DRAW
4957,X
4958,X
4959,DRAW
4960,X
4961,O
4962,O
4963,DRAW
4964,X
4965,O
4966,O
4967,DRAW
4968,DRAW
4969,O
4970,O
4971,O
4972,DRAW
4973,DRAW
4974,DRAW
4975,X
4976,X
4977,O
4978,DRAW
4979,DRAW
4980,X
4981,DRAW
4982,DRAW
4983,DRAW
4984,O
4985,O
4986,X
4987,X
4988,X
4989,O
4990,X
4991,O
4992,O
4993,DRAW
4994,X
4995,DRAW
4996,DRAW
4997,X
4998,DRAW
4999,DRAW
